id;title;jhi_from;to_date;details
1;majestically;2023-12-25T03:15:36;2023-12-24T17:42:24;../fake-data/blob/hipster.txt
2;punctually bashfully queasily;2023-12-24T20:54:30;2023-12-24T20:51:26;../fake-data/blob/hipster.txt
3;noisily boo televise;2023-12-25T10:05:42;2023-12-25T03:35:45;../fake-data/blob/hipster.txt
4;colorless from;2023-12-25T09:00:09;2023-12-24T22:18:45;../fake-data/blob/hipster.txt
5;percent nor questionably;2023-12-24T23:38:11;2023-12-25T11:20:51;../fake-data/blob/hipster.txt
6;unwilling;2023-12-25T09:37:29;2023-12-24T20:54:09;../fake-data/blob/hipster.txt
7;as;2023-12-24T23:38:30;2023-12-24T12:48:29;../fake-data/blob/hipster.txt
8;jaggedly;2023-12-25T00:06:02;2023-12-24T22:08:23;../fake-data/blob/hipster.txt
9;midst daring phooey;2023-12-25T04:56:30;2023-12-25T05:32:55;../fake-data/blob/hipster.txt
10;laparoscope amid;2023-12-25T03:34:10;2023-12-24T16:06:05;../fake-data/blob/hipster.txt
