id;title_ar;title_lat;description;duration;image_link;image_link_content_type;video_link
1;that aw athletic;pleased toward instead;oof winner trick;17425;../fake-data/blob/hipster.png;image/png;within
2;temple;outside incorporate;minus;19466;../fake-data/blob/hipster.png;image/png;to boxer
3;coordinated to;retrain after;mockingly indicate that;23933;../fake-data/blob/hipster.png;image/png;ouch however
4;now fidget;incarcerate;gleeful meh powerless;31717;../fake-data/blob/hipster.png;image/png;supportive if
5;until;even;absent pro yippee;17421;../fake-data/blob/hipster.png;image/png;yuck for hug
6;humming crow;owlishly till once;pastel;29015;../fake-data/blob/hipster.png;image/png;glaring
7;ha very gah;render promotion determined;cloves noteworthy;23611;../fake-data/blob/hipster.png;image/png;woot
8;terribly fearless;seldom jump;brr apud knottily;25227;../fake-data/blob/hipster.png;image/png;pillbox why furthermore
9;while day;brightly brightly;simplistic yesterday;7307;../fake-data/blob/hipster.png;image/png;afore
10;as;arctic;unlike out;7516;../fake-data/blob/hipster.png;image/png;raccoon cautiously blueberry
